{"NSE_EQ:HINDUNILVR": {"ohlc": {"open": 2310.0, "high": 2326.9, "low": 2304.0, "close": 2308.9}, "depth": {"buy": [{"quantity": 14, "price": 2308.5, "orders": 4}, {"quantity": 1, "price": 2308.3, "orders": 1}, {"quantity": 10, "price": 2308.2, "orders": 5}, {"quantity": 274, "price": 2308.1, "orders": 5}, {"quantity": 1491, "price": 2308.0, "orders": 25}], "sell": [{"quantity": 27, "price": 2308.9, "orders": 1}, {"quantity": 171, "price": 2309.0, "orders": 5}, {"quantity": 2, "price": 2309.2, "orders": 1}, {"quantity": 44, "price": 2309.3, "orders": 4}, {"quantity": 59, "price": 2309.4, "orders": 3}]}, "timestamp": "2025-07-03T14:37:32.728+05:30", "instrument_token": "NSE_EQ|INE030A01027", "symbol": "HINDUNILVR", "last_price": 2308.9, "volume": 782077, "average_price": 2317.56, "oi": 0.0, "net_change": 1.8, "total_buy_quantity": 123190.0, "total_sell_quantity": 189512.0, "lower_circuit_limit": 2076.4, "upper_circuit_limit": 2537.8, "last_trade_time": "1751533652543", "oi_day_high": 0.0, "oi_day_low": 0.0}, "NSE_EQ:HDFCBANK": {"ohlc": {"open": 1994.9, "high": 2008.0, "low": 1987.5, "close": 1988.6}, "depth": {"buy": [{"quantity": 164, "price": 1988.4, "orders": 1}, {"quantity": 550, "price": 1988.3, "orders": 1}, {"quantity": 560, "price": 1988.2, "orders": 2}, {"quantity": 212, "price": 1988.1, "orders": 4}, {"quantity": 2274, "price": 1988.0, "orders": 53}], "sell": [{"quantity": 97, "price": 1988.6, "orders": 1}, {"quantity": 143, "price": 1988.7, "orders": 1}, {"quantity": 1016, "price": 1988.8, "orders": 8}, {"quantity": 303, "price": 1988.9, "orders": 6}, {"quantity": 475, "price": 1989.0, "orders": 13}]}, "timestamp": "2025-07-03T14:37:32.728+05:30", "instrument_token": "NSE_EQ|INE040A01034", "symbol": "HDFCBANK", "last_price": 1988.6, "volume": 4693189, "average_price": 1997.85, "oi": 0.0, "net_change": 2.6, "total_buy_quantity": 253806.0, "total_sell_quantity": 681052.0, "lower_circuit_limit": 1787.4, "upper_circuit_limit": 2184.6, "last_trade_time": "1751533652094", "oi_day_high": 0.0, "oi_day_low": 0.0}, "NSE_EQ:TCS": {"ohlc": {"open": 3430.0, "high": 3435.3, "low": 3405.3, "close": 3407.0}, "depth": {"buy": [{"quantity": 77, "price": 3407.0, "orders": 3}, {"quantity": 3, "price": 3406.8, "orders": 1}, {"quantity": 100, "price": 3406.7, "orders": 1}, {"quantity": 5, "price": 3406.5, "orders": 1}, {"quantity": 522, "price": 3406.0, "orders": 10}], "sell": [{"quantity": 240, "price": 3407.1, "orders": 11}, {"quantity": 248, "price": 3407.2, "orders": 9}, {"quantity": 133, "price": 3407.3, "orders": 6}, {"quantity": 394, "price": 3407.4, "orders": 4}, {"quantity": 107, "price": 3407.5, "orders": 5}]}, "timestamp": "2025-07-03T14:37:32.728+05:30", "instrument_token": "NSE_EQ|INE467B01029", "symbol": "TCS", "last_price": 3407.0, "volume": 1831254, "average_price": 3419.24, "oi": 0.0, "net_change": -16.3, "total_buy_quantity": 128033.0, "total_sell_quantity": 202919.0, "lower_circuit_limit": 3081.0, "upper_circuit_limit": 3765.6, "last_trade_time": "1751533650383", "oi_day_high": 0.0, "oi_day_low": 0.0}, "NSE_EQ:AXISBANK": {"ohlc": {"open": 1178.0, "high": 1181.0, "low": 1169.1, "close": 1170.6}, "depth": {"buy": [{"quantity": 1, "price": 1170.5, "orders": 1}, {"quantity": 20, "price": 1170.3, "orders": 7}, {"quantity": 537, "price": 1170.2, "orders": 12}, {"quantity": 2578, "price": 1170.1, "orders": 39}, {"quantity": 21496, "price": 1170.0, "orders": 486}], "sell": [{"quantity": 90, "price": 1170.6, "orders": 1}, {"quantity": 261, "price": 1170.7, "orders": 4}, {"quantity": 422, "price": 1170.8, "orders": 9}, {"quantity": 1207, "price": 1170.9, "orders": 13}, {"quantity": 954, "price": 1171.0, "orders": 14}]}, "timestamp": "2025-07-03T14:37:32.728+05:30", "instrument_token": "NSE_EQ|INE238A01034", "symbol": "AXISBANK", "last_price": 1170.6, "volume": 4133218, "average_price": 1174.63, "oi": 0.0, "net_change": -4.7, "total_buy_quantity": 337210.0, "total_sell_quantity": 566251.0, "lower_circuit_limit": 1057.8, "upper_circuit_limit": 1292.8, "last_trade_time": "1751533652094", "oi_day_high": 0.0, "oi_day_low": 0.0}, "NSE_EQ:KOTAKBANK": {"ohlc": {"open": 2139.1, "high": 2151.9, "low": 2122.1, "close": 2122.1}, "depth": {"buy": [{"quantity": 423, "price": 2122.1, "orders": 8}, {"quantity": 2727, "price": 2122.0, "orders": 33}, {"quantity": 386, "price": 2121.9, "orders": 2}, {"quantity": 454, "price": 2121.8, "orders": 5}, {"quantity": 475, "price": 2121.7, "orders": 13}], "sell": [{"quantity": 90, "price": 2122.3, "orders": 1}, {"quantity": 75, "price": 2122.4, "orders": 1}, {"quantity": 49, "price": 2122.5, "orders": 1}, {"quantity": 7, "price": 2122.6, "orders": 1}, {"quantity": 98, "price": 2122.7, "orders": 2}]}, "timestamp": "2025-07-03T14:37:32.728+05:30", "instrument_token": "NSE_EQ|INE237A01028", "symbol": "KOTAKBANK", "last_price": 2122.1, "volume": 3671977, "average_price": 2137.44, "oi": 0.0, "net_change": -47.0, "total_buy_quantity": 166697.0, "total_sell_quantity": 236164.0, "lower_circuit_limit": 1952.2, "upper_circuit_limit": 2386.0, "last_trade_time": "1751533652324", "oi_day_high": 0.0, "oi_day_low": 0.0}, "NSE_EQ:RELIANCE": {"ohlc": {"open": 1520.8, "high": 1531.9, "low": 1513.0, "close": 1513.7}, "depth": {"buy": [{"quantity": 1250, "price": 1513.6, "orders": 7}, {"quantity": 133, "price": 1513.5, "orders": 4}, {"quantity": 1223, "price": 1513.4, "orders": 4}, {"quantity": 545, "price": 1513.3, "orders": 11}, {"quantity": 1556, "price": 1513.2, "orders": 16}], "sell": [{"quantity": 81, "price": 1513.8, "orders": 1}, {"quantity": 238, "price": 1514.0, "orders": 3}, {"quantity": 566, "price": 1514.1, "orders": 4}, {"quantity": 1169, "price": 1514.2, "orders": 12}, {"quantity": 824, "price": 1514.3, "orders": 11}]}, "timestamp": "2025-07-03T14:37:32.728+05:30", "instrument_token": "NSE_EQ|INE002A01018", "symbol": "RELIANCE", "last_price": 1513.7, "volume": 4989651, "average_price": 1524.31, "oi": 0.0, "net_change": -5.1, "total_buy_quantity": 345175.0, "total_sell_quantity": 817557.0, "lower_circuit_limit": 1367.0, "upper_circuit_limit": 1670.6, "last_trade_time": "1751533652302", "oi_day_high": 0.0, "oi_day_low": 0.0}, "NSE_EQ:BHARTIARTL": {"ohlc": {"open": 2041.8, "high": 2044.9, "low": 2022.7, "close": 2022.4}, "depth": {"buy": [{"quantity": 66, "price": 2022.7, "orders": 3}, {"quantity": 313, "price": 2022.6, "orders": 9}, {"quantity": 238, "price": 2022.5, "orders": 8}, {"quantity": 680, "price": 2022.4, "orders": 9}, {"quantity": 403, "price": 2022.3, "orders": 12}], "sell": [{"quantity": 91, "price": 2023.2, "orders": 1}, {"quantity": 91, "price": 2023.4, "orders": 1}, {"quantity": 239, "price": 2023.5, "orders": 2}, {"quantity": 123, "price": 2023.6, "orders": 3}, {"quantity": 122, "price": 2023.7, "orders": 4}]}, "timestamp": "2025-07-03T14:37:32.728+05:30", "instrument_token": "NSE_EQ|INE397D01024", "symbol": "BHARTIARTL", "last_price": 2022.4, "volume": 4109208, "average_price": 2033.55, "oi": 0.0, "net_change": -10.9, "total_buy_quantity": 165349.0, "total_sell_quantity": 194572.0, "lower_circuit_limit": 1830.0, "upper_circuit_limit": 2236.6, "last_trade_time": "1751533652123", "oi_day_high": 0.0, "oi_day_low": 0.0}, "NSE_EQ:SBIN": {"ohlc": {"open": 813.5, "high": 814.5, "low": 806.45, "close": 807.15}, "depth": {"buy": [{"quantity": 6079, "price": 807.0, "orders": 64}, {"quantity": 500, "price": 806.95, "orders": 1}, {"quantity": 377, "price": 806.9, "orders": 11}, {"quantity": 171, "price": 806.85, "orders": 2}, {"quantity": 214, "price": 806.8, "orders": 8}], "sell": [{"quantity": 406, "price": 807.15, "orders": 3}, {"quantity": 787, "price": 807.2, "orders": 8}, {"quantity": 1092, "price": 807.25, "orders": 11}, {"quantity": 1094, "price": 807.3, "orders": 14}, {"quantity": 1250, "price": 807.35, "orders": 9}]}, "timestamp": "2025-07-03T14:37:32.728+05:30", "instrument_token": "NSE_EQ|INE062A01020", "symbol": "SBIN", "last_price": 807.15, "volume": 4744098, "average_price": 811.1, "oi": 0.0, "net_change": -5.75, "total_buy_quantity": 576207.0, "total_sell_quantity": 1330475.0, "lower_circuit_limit": 731.65, "upper_circuit_limit": 894.15, "last_trade_time": "1751533652094", "oi_day_high": 0.0, "oi_day_low": 0.0}, "NSE_EQ:ICICIBANK": {"ohlc": {"open": 1432.1, "high": 1446.1, "low": 1424.4, "close": 1424.9}, "depth": {"buy": [{"quantity": 455, "price": 1424.6, "orders": 1}, {"quantity": 2336, "price": 1424.5, "orders": 7}, {"quantity": 4505, "price": 1424.4, "orders": 7}, {"quantity": 3499, "price": 1424.3, "orders": 11}, {"quantity": 784, "price": 1424.2, "orders": 17}], "sell": [{"quantity": 300, "price": 1424.9, "orders": 3}, {"quantity": 2806, "price": 1425.0, "orders": 14}, {"quantity": 830, "price": 1425.1, "orders": 12}, {"quantity": 1085, "price": 1425.2, "orders": 13}, {"quantity": 1359, "price": 1425.3, "orders": 17}]}, "timestamp": "2025-07-03T14:37:32.728+05:30", "instrument_token": "NSE_EQ|INE090A01021", "symbol": "ICICIBANK", "last_price": 1424.9, "volume": 6196598, "average_price": 1432.68, "oi": 0.0, "net_change": -2.9, "total_buy_quantity": 308056.0, "total_sell_quantity": 532861.0, "lower_circuit_limit": 1285.1, "upper_circuit_limit": 1570.5, "last_trade_time": "1751533652395", "oi_day_high": 0.0, "oi_day_low": 0.0}, "NSE_EQ:INFY": {"ohlc": {"open": 1618.5, "high": 1632.4, "low": 1615.7, "close": 1619.6}, "depth": {"buy": [{"quantity": 18, "price": 1619.2, "orders": 1}, {"quantity": 73, "price": 1619.1, "orders": 4}, {"quantity": 36, "price": 1619.0, "orders": 3}, {"quantity": 131, "price": 1618.9, "orders": 6}, {"quantity": 372, "price": 1618.8, "orders": 8}], "sell": [{"quantity": 1012, "price": 1619.7, "orders": 8}, {"quantity": 840, "price": 1619.8, "orders": 12}, {"quantity": 604, "price": 1619.9, "orders": 11}, {"quantity": 836, "price": 1620.0, "orders": 19}, {"quantity": 1057, "price": 1620.1, "orders": 11}]}, "timestamp": "2025-07-03T14:37:32.728+05:30", "instrument_token": "NSE_EQ|INE009A01021", "symbol": "INFY", "last_price": 1619.6, "volume": 3511949, "average_price": 1623.78, "oi": 0.0, "net_change": 9.1, "total_buy_quantity": 279573.0, "total_sell_quantity": 548988.0, "lower_circuit_limit": 1449.5, "upper_circuit_limit": 1771.5, "last_trade_time": "1751533651971", "oi_day_high": 0.0, "oi_day_low": 0.0}}